2026-09-07 11:55:37,2026-09-07 11:55:38,1.21
2026-09-07 11:55:57,2026-09-07 11:55:58,0.4
2026-09-07 11:55:58,2026-09-07 11:55:58,0.04
2026-09-07 11:55:58,2026-09-07 11:55:59,1.03
2026-09-07 11:56:00,2026-09-07 11:56:01,1.11
2026-09-07 11:56:02,2026-09-07 11:56:02,0.13
2026-09-07 11:56:02,2026-09-07 11:56:03,0.83
2026-09-07 11:56:03,2026-09-07 11:56:03,0.16
2026-09-07 11:56:03,2026-09-07 11:56:04,0.78
2026-09-07 11:56:18,2026-09-07 11:56:19,1.1
2026-09-07 11:56:21,2026-09-07 11:56:22,0.37
2026-09-07 11:56:33,2026-09-07 11:56:33,0.34
2026-09-07 11:56:33,2026-09-07 11:56:33,0.09
2026-09-07 11:56:34,2026-09-07 11:56:34,0.08
2026-09-07 11:56:35,2026-09-07 11:56:35,0.11
2026-09-07 11:56:35,2026-09-07 11:56:35,0.33
2026-09-07 11:56:49,2026-09-07 11:56:49,0.13
2026-09-07 11:57:00,2026-09-07 11:57:01,0.39
2026-09-07 11:57:02,2026-09-07 11:57:04,1.3
2026-09-07 11:57:05,2026-09-07 11:57:07,2.54
2026-09-07 11:57:07,2026-09-07 11:57:08,0.12
2026-09-07 11:57:08,2026-09-07 11:57:10,2.13
2026-09-07 11:57:10,2026-09-07 11:57:11,0.52
2026-09-07 11:57:13,2026-09-07 11:57:13,0.31
2026-09-07 11:57:13,2026-09-07 11:57:14,0.92
2026-09-07 11:57:18,2026-09-07 11:57:19,0.91
2026-09-07 11:57:19,2026-09-07 11:57:19,0.04
2026-09-07 11:57:19,2026-09-07 11:57:19,0.24
2026-09-07 11:57:19,2026-09-07 11:57:20,0.26
2026-09-07 11:57:20,2026-09-07 11:57:21,0.88
2026-09-07 11:57:21,2026-09-07 11:57:22,0.88
2026-09-07 11:57:22,2026-09-07 11:57:23,1.11
2026-09-07 11:57:23,2026-09-07 11:57:24,1.14
2026-09-07 13:00:19,2026-09-07 13:00:20,0.59
2026-09-07 13:00:20,2026-09-07 13:00:20,0.03
2026-09-07 13:00:43,2026-09-07 13:00:43,0.15
2026-09-07 13:00:43,2026-09-07 13:00:44,1.35
2026-09-07 13:00:44,2026-09-07 13:00:48,3.34
2026-09-07 13:00:49,2026-09-07 13:00:49,0.33
2026-09-07 13:00:50,2026-09-07 13:00:50,0.11
2026-09-07 13:00:50,2026-09-07 13:00:51,0.61
2026-09-07 13:00:58,2026-09-07 13:00:58,0.04
2026-09-07 13:01:00,2026-09-07 13:01:00,0.05
2026-09-07 13:01:01,2026-09-07 13:01:01,0.07
2026-09-07 13:01:04,2026-09-07 13:01:06,1.63
2026-09-07 13:01:06,2026-09-07 13:01:06,0.32
2026-09-07 13:01:06,2026-09-07 13:01:07,0.68
2026-09-07 13:01:07,2026-09-07 13:01:07,0.12
2026-09-07 13:01:07,2026-09-07 13:01:07,0.07
2026-09-07 13:01:08,2026-09-07 13:01:08,0.31
2026-09-07 13:01:09,2026-09-07 13:01:10,0.91
2026-09-07 13:01:11,2026-09-07 13:01:12,0.65
2026-09-07 13:23:24,2026-09-07 13:23:25,0.52
2026-09-07 13:23:47,2026-09-07 13:23:47,0.49
2026-09-07 13:23:48,2026-09-07 13:23:48,0.04
2026-09-07 13:23:48,2026-09-07 13:23:51,2.38
2026-09-07 13:23:52,2026-09-07 13:23:53,1.53
2026-09-07 13:23:56,2026-09-07 13:23:56,0.18
2026-09-07 13:24:00,2026-09-07 13:24:00,0.15
2026-09-07 13:24:01,2026-09-07 13:24:02,0.42
2026-09-07 13:24:02,2026-09-07 13:24:02,0.49
2026-09-07 13:24:02,2026-09-07 13:24:03,0.41
2026-09-07 13:24:03,2026-09-07 13:24:05,1.53
2026-09-07 13:24:05,2026-09-07 13:24:07,1.67
2026-09-07 13:24:07,2026-09-07 13:24:10,3.28
2026-09-07 13:24:10,2026-09-07 13:24:11,0.59
2026-09-07 13:24:11,2026-09-07 13:24:12,1.32
2026-09-07 13:24:13,2026-09-07 13:24:14,0.16
2026-09-07 13:24:14,2026-09-07 13:24:14,0.14
2026-09-07 13:24:15,2026-09-07 13:24:15,0.04
2026-09-07 13:24:16,2026-09-07 13:24:16,0.54
2026-09-07 13:24:19,2026-09-07 13:24:24,4.65
2026-09-07 13:24:25,2026-09-07 13:24:26,1.21
2026-09-07 13:24:26,2026-09-07 13:24:26,0.12
2026-09-07 13:24:27,2026-09-07 13:24:28,1.03
2026-09-07 13:24:28,2026-09-07 13:24:28,0.04
2026-09-07 13:24:30,2026-09-07 13:24:31,0.15
2026-09-07 13:24:31,2026-09-07 13:24:31,0.04
2026-09-07 13:24:31,2026-09-07 13:24:32,0.93
2026-09-07 13:24:35,2026-09-07 13:24:36,1.21
2026-09-07 13:24:37,2026-09-07 13:24:37,0.04
2026-09-07 13:24:38,2026-09-07 13:24:38,0.29
2026-09-07 13:24:39,2026-09-07 13:24:39,0.33
2026-09-07 13:24:39,2026-09-07 13:24:41,1.77
2026-09-07 13:24:41,2026-09-07 13:24:41,0.73
2026-09-07 13:24:42,2026-09-07 13:24:43,1.11
2026-09-07 13:24:48,2026-09-07 13:24:50,1.22
2026-09-07 13:24:50,2026-09-07 13:24:50,0.04
2026-09-07 13:24:50,2026-09-07 13:24:51,1.51
2026-09-07 13:24:53,2026-09-07 13:24:53,0.73
2026-09-07 13:24:56,2026-09-07 13:24:57,1.54
2026-09-07 13:24:57,2026-09-07 13:24:58,0.33
2026-09-07 13:24:59,2026-09-07 13:24:59,0.23
2026-09-07 13:25:00,2026-09-07 13:25:01,1.73
2026-09-07 13:25:02,2026-09-07 13:25:06,3.32
2026-09-07 13:25:07,2026-09-07 13:25:09,1.69
2026-09-07 13:25:09,2026-09-07 13:25:10,0.17
2026-09-07 13:25:23,2026-09-07 13:25:25,2.37
2026-09-07 13:25:26,2026-09-07 13:25:26,0.08
2026-09-07 13:25:27,2026-09-07 13:25:27,0.22
2026-09-07 13:25:27,2026-09-07 13:25:27,0.24
2026-09-07 13:25:33,2026-09-07 13:25:38,4.45
2026-09-07 13:25:38,2026-09-07 13:25:38,0.04
2026-09-07 13:25:38,2026-09-07 13:25:39,0.45
2026-09-07 21:49:24,2026-09-07 21:49:27,3.19
2026-09-07 21:49:32,2026-09-07 21:49:34,2.62
2026-09-07 21:49:35,2026-09-07 21:49:35,0.05
2026-09-07 21:49:35,2026-09-07 21:49:36,0.27
2026-09-07 21:49:36,2026-09-07 21:49:37,1.01
2026-09-07 21:49:37,2026-09-07 21:49:38,1.01
2026-09-07 21:49:39,2026-09-07 21:49:40,0.59
2026-09-07 21:49:44,2026-09-07 21:49:44,0.5
2026-09-07 21:49:46,2026-09-07 21:49:47,0.1
2026-09-07 21:49:54,2026-09-07 21:49:55,1.0
2026-09-07 21:49:57,2026-09-07 21:49:57,0.1
2026-09-07 21:49:57,2026-09-07 21:49:57,0.11
2026-09-07 21:49:57,2026-09-07 21:49:57,0.1
2026-09-07 21:50:01,2026-09-07 21:50:01,0.51
2026-09-07 21:50:04,2026-09-07 21:50:05,1.2
2026-09-07 21:50:11,2026-09-07 21:50:11,0.11
2026-09-07 21:50:14,2026-09-07 21:50:14,0.09
2026-09-07 21:50:14,2026-09-07 21:50:16,1.91
2026-09-07 21:50:16,2026-09-07 21:50:17,1.2
2026-09-07 21:50:18,2026-09-07 21:50:18,0.19
2026-09-07 21:50:18,2026-09-07 21:50:21,2.42
2026-09-07 21:50:21,2026-09-07 21:50:21,0.11
2026-09-07 21:50:22,2026-09-07 21:50:23,0.99
2026-09-07 21:50:24,2026-09-07 21:50:27,3.41
2026-09-07 21:50:36,2026-09-07 21:50:37,0.7
2026-09-07 21:50:40,2026-09-07 21:50:40,0.1
2026-09-07 21:50:44,2026-09-07 21:50:45,1.22
2026-09-07 21:50:46,2026-09-07 21:50:46,0.22
2026-09-07 21:50:49,2026-09-07 21:50:49,0.11
2026-09-07 21:50:52,2026-09-07 21:50:54,2.0
2026-09-08 09:46:10,2026-09-08 09:46:10,0.25
2026-09-08 09:46:10,2026-09-08 09:46:13,2.11
2026-09-08 09:46:13,2026-09-08 09:46:13,0.03
2026-09-08 09:46:13,2026-09-08 09:46:14,1.14
2026-09-08 09:46:14,2026-09-08 09:46:17,2.52
2026-09-08 09:46:17,2026-09-08 09:46:18,0.85
2026-09-08 09:46:21,2026-09-08 09:46:22,1.58
2026-09-08 09:46:47,2026-09-08 09:46:48,1.18
2026-09-08 09:46:51,2026-09-08 09:46:52,0.77
2026-09-08 09:46:53,2026-09-08 09:46:55,1.91
2026-09-08 09:46:57,2026-09-08 09:46:59,1.87
2026-09-08 09:47:18,2026-09-08 09:47:19,1.22
2026-09-08 09:47:19,2026-09-08 09:47:20,1.03
2026-09-08 09:47:21,2026-09-08 09:47:21,0.92
2026-09-08 09:47:21,2026-09-08 09:47:22,0.55
2026-09-08 09:47:23,2026-09-08 09:47:24,1.29
2026-09-08 09:47:24,2026-09-08 09:47:25,0.83
2026-09-08 09:47:25,2026-09-08 09:47:26,0.97
2026-09-08 09:47:28,2026-09-08 09:47:29,0.74
2026-09-08 09:47:46,2026-09-08 09:47:47,0.67
2026-09-08 09:48:04,2026-09-08 09:48:04,0.18
2026-09-08 09:48:06,2026-09-08 09:48:06,0.04
2026-09-08 09:48:08,2026-09-08 09:48:08,0.08
2026-09-08 09:48:08,2026-09-08 09:48:08,0.31
2026-09-08 09:48:10,2026-09-08 09:48:10,0.18
2026-09-08 09:48:11,2026-09-08 09:48:11,0.12
2026-09-08 09:48:12,2026-09-08 09:48:12,0.21
2026-09-08 09:48:13,2026-09-08 09:48:13,0.23
2026-09-08 09:48:15,2026-09-08 09:48:17,2.51
2026-09-08 09:48:18,2026-09-08 09:48:19,1.0
2026-09-08 09:48:20,2026-09-08 09:48:20,0.26
2026-09-08 09:48:20,2026-09-08 09:48:22,1.77
2026-09-08 09:48:22,2026-09-08 09:48:22,0.04
2026-09-08 09:48:22,2026-09-08 09:48:23,0.28
2026-09-08 09:48:23,2026-09-08 09:48:23,0.26
2026-09-08 09:48:23,2026-09-08 09:48:23,0.19
2026-09-08 09:48:24,2026-09-08 09:48:25,1.01
2026-09-08 09:48:25,2026-09-08 09:48:25,0.22
2026-09-08 09:48:25,2026-09-08 09:48:26,1.27
2026-09-08 09:48:32,2026-09-08 09:48:33,1.13
2026-09-08 09:48:34,2026-09-08 09:48:34,0.19
2026-09-08 09:48:35,2026-09-08 09:48:36,0.69
2026-09-08 09:48:37,2026-09-08 09:48:37,0.18
2026-09-08 09:48:38,2026-09-08 09:48:38,0.37
2026-09-08 09:48:38,2026-09-08 09:48:38,0.07
2026-09-08 09:48:39,2026-09-08 09:48:39,0.18
2026-09-08 09:48:40,2026-09-08 09:48:41,0.76
2026-09-08 09:48:41,2026-09-08 09:48:41,0.11
2026-09-08 09:48:42,2026-09-08 09:48:42,0.04
2026-09-08 09:48:42,2026-09-08 09:48:43,0.79
2026-09-08 09:48:43,2026-09-08 09:48:44,0.33
2026-09-08 09:48:52,2026-09-08 09:48:52,0.12
2026-09-08 09:49:08,2026-09-08 09:49:08,0.08
2026-09-08 09:49:09,2026-09-08 09:49:10,1.04
2026-09-08 09:54:00,2026-09-08 09:54:01,1.07
2026-09-08 09:54:01,2026-09-08 09:54:02,1.29
2026-09-08 10:03:09,2026-09-08 10:03:11,1.22
2026-09-08 10:03:17,2026-09-08 10:03:17,0.06
2026-09-08 10:03:25,2026-09-08 10:03:26,0.07
2026-09-08 10:03:26,2026-09-08 10:03:26,0.06
2026-09-08 10:03:46,2026-09-08 10:03:47,1.29
2026-09-08 10:03:47,2026-09-08 10:03:47,0.07
2026-09-08 10:03:50,2026-09-08 10:03:52,1.94
2026-09-08 10:03:54,2026-09-08 10:03:54,0.36
2026-09-08 10:03:54,2026-09-08 10:03:55,0.21
2026-09-08 10:03:55,2026-09-08 10:03:55,0.07
2026-09-08 10:03:56,2026-09-08 10:03:57,0.79
2026-09-08 10:04:00,2026-09-08 10:04:00,0.25
2026-09-08 10:04:01,2026-09-08 10:04:01,0.07
2026-09-08 10:04:11,2026-09-08 10:04:11,0.14
2026-09-08 10:04:13,2026-09-08 10:04:13,0.15
2026-09-08 10:04:13,2026-09-08 10:04:13,0.07
2026-09-08 10:04:13,2026-09-08 10:04:13,0.04
2026-09-08 10:04:14,2026-09-08 10:04:14,0.07
2026-09-08 10:04:14,2026-09-08 10:04:14,0.18
2026-09-08 10:04:15,2026-09-08 10:04:15,0.08
2026-09-08 10:04:15,2026-09-08 10:04:15,0.26
2026-09-08 10:04:18,2026-09-08 10:04:19,0.44
2026-09-08 10:04:44,2026-09-08 10:04:44,0.04
2026-09-08 10:04:45,2026-09-08 10:04:45,0.61
2026-09-08 10:04:46,2026-09-08 10:04:46,0.18
2026-09-08 10:04:47,2026-09-08 10:04:48,1.01
2026-09-08 10:04:51,2026-09-08 10:04:51,0.38
2026-09-08 10:04:52,2026-09-08 10:04:54,2.65
2026-09-08 10:04:54,2026-09-08 10:04:54,0.04
2026-09-08 10:04:54,2026-09-08 10:04:55,0.72
2026-09-08 10:04:56,2026-09-08 10:04:58,1.76
2026-09-08 10:08:48,2026-09-08 10:08:51,2.49
2026-09-08 10:08:52,2026-09-08 10:08:52,0.24
2026-09-08 10:08:56,2026-09-08 10:08:56,0.3
2026-09-08 10:08:56,2026-09-08 10:09:00,3.43
2026-09-08 10:09:07,2026-09-08 10:09:07,0.12
2026-09-08 10:09:12,2026-09-08 10:09:14,2.38
2026-09-08 10:09:15,2026-09-08 10:09:15,0.04
2026-09-08 10:09:15,2026-09-08 10:09:15,0.34
2026-09-08 10:09:16,2026-09-08 10:09:16,0.04
2026-09-08 10:09:16,2026-09-08 10:09:19,2.97
2026-09-08 10:09:19,2026-09-08 10:09:20,0.44
2026-09-08 10:09:20,2026-09-08 10:09:20,0.19
2026-09-08 10:09:20,2026-09-08 10:09:20,0.43
2026-09-08 10:09:20,2026-09-08 10:09:21,0.22
2026-09-08 10:09:21,2026-09-08 10:09:21,0.3
2026-09-08 10:09:22,2026-09-08 10:09:25,3.04
2026-09-08 10:09:25,2026-09-08 10:09:25,0.18
2026-09-08 10:09:25,2026-09-08 10:09:26,0.32
2026-09-08 10:09:27,2026-09-08 10:09:32,4.8
2026-09-08 10:09:42,2026-09-08 10:09:43,1.3
2026-09-08 10:09:48,2026-09-08 10:09:48,0.04
2026-09-08 10:09:51,2026-09-08 10:09:53,1.9
2026-09-08 10:09:53,2026-09-08 10:09:54,1.17
2026-09-08 10:09:54,2026-09-08 10:09:55,0.68
2026-09-08 10:09:55,2026-09-08 10:09:56,1.02
2026-09-08 10:09:57,2026-09-08 10:09:57,0.23
2026-09-08 10:09:57,2026-09-08 10:10:00,3.54
2026-09-08 10:10:03,2026-09-08 10:10:04,0.6
2026-09-08 10:10:05,2026-09-08 10:10:10,5.62
2026-09-08 10:10:10,2026-09-08 10:10:11,0.15
2026-09-08 10:10:11,2026-09-08 10:10:12,1.61
2026-09-08 10:10:13,2026-09-08 10:10:13,0.04
2026-09-08 10:10:13,2026-09-08 10:10:17,4.46
2026-09-08 10:10:18,2026-09-08 10:10:20,1.99
2026-09-08 10:10:20,2026-09-08 10:10:24,4.3
2026-09-08 10:10:24,2026-09-08 10:10:27,2.67
2026-09-08 10:10:27,2026-09-08 10:10:30,2.61
2026-09-08 10:10:30,2026-09-08 10:10:30,0.07
2026-09-08 10:10:30,2026-09-08 10:10:31,0.39
2026-09-08 10:10:31,2026-09-08 10:10:31,0.45
2026-09-08 10:10:31,2026-09-08 10:10:31,0.07
2026-09-08 10:10:31,2026-09-08 10:10:32,0.67
2026-09-08 10:10:35,2026-09-08 10:10:36,0.24
2026-09-08 10:10:36,2026-09-08 10:10:36,0.67
2026-09-08 10:10:37,2026-09-08 10:10:37,0.04
2026-09-08 10:11:36,2026-09-08 10:11:36,0.54
2026-09-08 10:11:40,2026-09-08 10:11:42,2.41
2026-09-08 10:11:42,2026-09-08 10:11:47,4.73
2026-09-08 10:11:50,2026-09-08 10:11:52,2.02
2026-09-08 10:11:52,2026-09-08 10:11:53,0.12
2026-09-08 10:11:53,2026-09-08 10:11:53,0.15
2026-09-08 10:11:53,2026-09-08 10:11:53,0.26
2026-09-08 10:11:54,2026-09-08 10:11:54,0.88
2026-09-08 10:11:56,2026-09-08 10:11:56,0.2
2026-09-08 10:11:56,2026-09-08 10:11:56,0.04
2026-09-08 10:11:57,2026-09-08 10:11:57,0.25
2026-09-08 10:11:57,2026-09-08 10:11:57,0.07
2026-09-08 10:11:58,2026-09-08 10:11:58,0.15
2026-09-08 10:12:00,2026-09-08 10:12:05,5.36
2026-09-08 10:12:05,2026-09-08 10:12:09,3.64
2026-09-08 10:12:11,2026-09-08 10:12:14,2.75
2026-09-08 10:12:15,2026-09-08 10:12:20,4.52
2026-09-08 10:12:22,2026-09-08 10:12:22,0.07
2026-09-08 10:12:22,2026-09-08 10:12:23,0.88
2026-09-08 10:12:23,2026-09-08 10:12:24,0.43
2026-09-08 10:12:24,2026-09-08 10:12:24,0.07
2026-09-08 10:12:25,2026-09-08 10:12:25,0.17
2026-09-08 10:12:27,2026-09-08 10:12:27,0.39
2026-09-08 10:12:29,2026-09-08 10:12:29,0.1
2026-09-08 10:12:29,2026-09-08 10:12:29,0.32
2026-09-08 10:12:46,2026-09-08 10:12:48,1.32
2026-09-08 10:12:49,2026-09-08 10:12:49,0.62
2026-09-08 10:12:50,2026-09-08 10:12:50,0.1
2026-09-08 10:37:21,2026-09-08 10:37:24,3.26
2026-09-08 10:37:25,2026-09-08 10:37:27,1.38
2026-09-08 10:37:28,2026-09-08 10:37:32,3.22
2026-09-08 10:37:40,2026-09-08 10:37:40,0.82
2026-09-08 10:37:41,2026-09-08 10:37:43,1.85
2026-09-08 10:37:45,2026-09-08 10:37:46,0.82
2026-09-08 10:37:46,2026-09-08 10:37:47,0.67
2026-09-08 10:37:47,2026-09-08 10:37:47,0.55
2026-09-08 10:37:49,2026-09-08 10:37:50,1.02
2026-09-08 10:37:52,2026-09-08 10:37:52,0.03
2026-09-08 10:37:55,2026-09-08 10:37:56,0.43
2026-09-08 10:37:56,2026-09-08 10:37:56,0.55
2026-09-08 10:37:59,2026-09-08 10:37:59,0.3
2026-09-08 10:38:06,2026-09-08 10:38:06,0.08
2026-09-08 10:38:06,2026-09-08 10:38:07,0.39
2026-09-08 10:38:07,2026-09-08 10:38:07,0.04
2026-09-08 10:38:07,2026-09-08 10:38:08,0.24
2026-09-08 10:38:09,2026-09-08 10:38:09,0.15
2026-09-08 10:38:17,2026-09-08 10:38:18,0.37
2026-09-08 10:38:18,2026-09-08 10:38:18,0.56
2026-09-08 10:38:28,2026-09-08 10:38:29,0.14
2026-09-08 10:38:29,2026-09-08 10:38:30,1.07
2026-09-08 10:38:32,2026-09-08 10:38:32,0.07
2026-09-08 10:38:35,2026-09-08 10:38:35,0.3
2026-09-08 10:38:39,2026-09-08 10:38:39,0.03
2026-09-08 10:38:40,2026-09-08 10:38:40,0.15
2026-09-08 10:38:40,2026-09-08 10:38:40,0.1
2026-09-08 10:38:40,2026-09-08 10:38:40,0.08
2026-09-08 10:38:54,2026-09-08 10:38:54,0.47
2026-09-08 10:38:55,2026-09-08 10:38:55,0.27
2026-09-08 10:39:05,2026-09-08 10:39:05,0.24
2026-09-08 10:39:07,2026-09-08 10:39:08,0.2
2026-09-08 10:39:08,2026-09-08 10:39:09,1.74
2026-09-08 10:39:10,2026-09-08 10:39:11,0.63
2026-09-08 14:51:41,2026-09-08 14:51:42,0.41
2026-09-08 14:51:42,2026-09-08 14:51:42,0.46
2026-09-08 14:51:46,2026-09-08 14:51:47,1.01
2026-09-08 14:51:48,2026-09-08 14:51:48,0.43
2026-09-08 14:51:48,2026-09-08 14:51:49,0.1
2026-09-08 14:51:51,2026-09-08 14:51:51,0.34
2026-09-08 14:52:02,2026-09-08 14:52:03,0.93
2026-09-08 14:52:04,2026-09-08 14:52:05,0.46
2026-09-08 14:52:06,2026-09-08 14:52:08,1.62
2026-09-08 14:52:08,2026-09-08 14:52:09,1.01
2026-09-08 14:52:30,2026-09-08 14:52:32,2.27
2026-09-08 14:52:34,2026-09-08 14:52:36,1.28
2026-09-08 14:52:37,2026-09-08 14:52:37,0.14
2026-09-08 14:52:37,2026-09-08 14:52:38,0.94
2026-09-08 14:52:41,2026-09-08 14:52:42,0.74
2026-09-08 14:52:43,2026-09-08 14:52:44,0.85
2026-09-08 14:52:44,2026-09-08 14:52:45,0.58
2026-09-08 14:53:03,2026-09-08 14:53:03,0.11
2026-09-08 14:53:03,2026-09-08 14:53:03,0.08
2026-09-08 14:53:18,2026-09-08 14:53:18,0.35
2026-09-08 14:53:25,2026-09-08 14:53:28,3.31
2026-09-08 14:53:32,2026-09-08 14:53:33,0.27
2026-09-08 14:53:51,2026-09-08 14:53:57,5.99
2026-09-08 14:54:07,2026-09-08 14:54:07,0.42
2026-09-08 14:54:08,2026-09-08 14:54:08,0.08
2026-09-08 14:54:09,2026-09-08 14:54:09,0.21
2026-09-08 14:54:22,2026-09-08 14:54:24,2.28
2026-09-08 14:54:24,2026-09-08 14:54:24,0.04
2026-09-08 14:54:28,2026-09-08 14:54:28,0.21
2026-09-08 14:54:28,2026-09-08 14:54:32,3.46
2026-09-08 14:54:42,2026-09-08 14:54:42,0.14
2026-09-08 14:54:43,2026-09-08 14:54:43,0.22
2026-09-08 14:55:43,2026-09-08 14:55:43,0.11
2026-09-08 14:55:43,2026-09-08 14:55:45,1.2
2026-09-08 14:56:16,2026-09-08 14:56:17,0.03
2026-09-08 14:56:22,2026-09-08 14:56:23,0.78
2026-09-08 14:56:23,2026-09-08 14:56:27,3.75
2026-09-08 14:57:02,2026-09-08 14:57:02,0.06
2026-09-08 14:57:04,2026-09-08 14:57:04,0.06
2026-09-08 14:58:36,2026-09-08 14:58:36,0.49
2026-09-08 14:58:41,2026-09-08 14:58:42,0.4
2026-09-08 14:58:44,2026-09-08 14:58:45,0.46
2026-09-08 14:58:46,2026-09-08 14:58:47,0.46
2026-09-08 14:58:47,2026-09-08 14:58:47,0.13
2026-09-08 14:58:47,2026-09-08 14:58:48,0.67
2026-09-08 14:58:48,2026-09-08 14:58:49,0.27
2026-09-08 14:58:49,2026-09-08 14:58:49,0.13
2026-09-08 14:58:50,2026-09-08 14:58:50,0.13
2026-09-08 14:58:50,2026-09-08 14:58:51,1.14
2026-09-08 14:58:51,2026-09-08 14:58:55,4.1
2026-09-08 14:58:58,2026-09-08 14:58:58,0.38
2026-09-08 14:58:58,2026-09-08 14:58:58,0.27
2026-09-08 14:58:59,2026-09-08 14:59:02,3.41
2026-09-08 14:59:03,2026-09-08 14:59:03,0.06
2026-09-08 14:59:03,2026-09-08 14:59:07,3.6
2026-09-08 14:59:07,2026-09-08 14:59:08,0.29
2026-09-08 14:59:08,2026-09-08 14:59:11,3.52
2026-09-08 14:59:11,2026-09-08 14:59:12,0.59
2026-09-08 14:59:26,2026-09-08 14:59:27,0.8
2026-09-08 14:59:29,2026-09-08 14:59:30,0.67
2026-09-08 14:59:30,2026-09-08 14:59:30,0.34
2026-09-08 14:59:31,2026-09-08 14:59:32,0.5
2026-09-08 14:59:50,2026-09-08 14:59:50,0.13
2026-09-08 15:01:08,2026-09-08 15:01:08,0.19
2026-09-08 15:01:10,2026-09-08 15:01:10,0.08
2026-09-08 15:01:11,2026-09-08 15:01:11,0.06
2026-09-08 15:01:19,2026-09-08 15:01:19,0.08
2026-09-08 15:01:19,2026-09-08 15:01:20,0.59
2026-09-08 15:01:20,2026-09-08 15:01:20,0.06
2026-09-08 15:01:29,2026-09-08 15:01:30,0.88
2026-09-08 15:01:37,2026-09-08 15:01:39,1.6
2026-09-08 15:01:39,2026-09-08 15:01:39,0.07
2026-09-08 15:01:39,2026-09-08 15:01:39,0.06
2026-09-08 15:01:39,2026-09-08 15:01:40,0.19
2026-09-08 15:01:40,2026-09-08 15:01:41,0.96
2026-09-08 15:01:56,2026-09-08 15:01:56,0.23
2026-09-08 15:01:56,2026-09-08 15:01:56,0.04
2026-09-08 15:01:57,2026-09-08 15:02:00,2.89
2026-09-08 15:02:00,2026-09-08 15:02:00,0.04
2026-09-08 15:02:00,2026-09-08 15:02:01,0.07
2026-09-08 15:02:01,2026-09-08 15:02:02,0.64
2026-09-08 15:02:16,2026-09-08 15:02:18,1.76
2026-09-08 15:02:32,2026-09-08 15:02:34,2.28
2026-09-08 15:02:34,2026-09-08 15:02:34,0.04
2026-09-08 15:02:35,2026-09-08 15:02:35,0.11
2026-09-08 15:02:35,2026-09-08 15:02:35,0.14
2026-09-08 15:02:36,2026-09-08 15:02:36,0.03
2026-09-08 15:02:36,2026-09-08 15:02:36,0.43
2026-09-08 15:02:36,2026-09-08 15:02:36,0.06
2026-09-08 15:02:38,2026-09-08 15:02:38,0.04
2026-09-08 15:02:58,2026-09-08 15:03:00,2.09
2026-09-08 15:03:03,2026-09-08 15:03:06,2.82
2026-09-08 15:03:07,2026-09-08 15:03:07,0.23
2026-09-08 15:03:17,2026-09-08 15:03:18,0.1
2026-09-08 15:03:37,2026-09-08 15:03:37,0.08
2026-09-08 15:03:40,2026-09-08 15:03:42,2.02
2026-09-08 15:03:48,2026-09-08 15:03:48,0.27
2026-09-08 15:03:56,2026-09-08 15:03:59,2.9
2026-09-08 15:03:59,2026-09-08 15:04:00,0.07
2026-09-08 15:04:12,2026-09-08 15:04:16,4.18
2026-09-08 15:04:16,2026-09-08 15:04:18,1.87
2026-09-08 15:04:18,2026-09-08 15:04:19,1.12
2026-09-08 15:05:14,2026-09-08 15:05:14,0.1
2026-09-08 15:05:18,2026-09-08 15:05:18,0.13
2026-09-08 15:05:20,2026-09-08 15:05:20,0.18
2026-09-08 15:05:21,2026-09-08 15:05:21,0.04
2026-09-08 15:05:25,2026-09-08 15:05:26,0.17
2026-09-08 15:05:26,2026-09-08 15:05:26,0.44
2026-09-08 15:05:26,2026-09-08 15:05:26,0.15
2026-09-08 15:05:27,2026-09-08 15:05:28,0.14
2026-09-08 15:05:28,2026-09-08 15:05:28,0.15
2026-09-08 15:05:28,2026-09-08 15:05:28,0.22
2026-09-08 15:05:29,2026-09-08 15:05:30,1.3
2026-09-08 15:05:31,2026-09-08 15:05:31,0.46
2026-09-08 15:05:31,2026-09-08 15:05:32,0.08
2026-09-08 15:05:32,2026-09-08 15:05:32,0.47
2026-09-08 15:05:32,2026-09-08 15:05:32,0.14
2026-09-08 15:05:33,2026-09-08 15:05:33,0.46
2026-09-08 15:05:33,2026-09-08 15:05:35,1.73
2026-09-08 15:05:35,2026-09-08 15:05:35,0.11
2026-09-08 15:05:36,2026-09-08 15:05:37,0.42
2026-09-08 15:05:38,2026-09-08 15:05:38,0.07
2026-09-08 15:05:38,2026-09-08 15:05:41,2.39
2026-09-08 15:05:41,2026-09-08 15:05:41,0.47
2026-09-08 15:05:51,2026-09-08 15:05:55,3.7
2026-09-08 15:05:55,2026-09-08 15:05:55,0.22
2026-09-08 15:06:44,2026-09-08 15:06:46,2.45
2026-09-08 15:07:11,2026-09-08 15:07:12,0.8
2026-09-08 15:07:50,2026-09-08 15:07:50,0.27
2026-09-08 15:07:52,2026-09-08 15:07:53,1.26
2026-09-08 15:07:54,2026-09-08 15:07:54,0.13
2026-09-08 15:07:54,2026-09-08 15:07:55,1.39
2026-09-08 15:07:55,2026-09-08 15:07:56,0.74
2026-09-08 15:07:56,2026-09-08 15:07:57,0.4
2026-09-08 15:07:58,2026-09-08 15:07:58,0.06
2026-09-08 15:07:58,2026-09-08 15:07:59,0.94
2026-09-08 15:08:13,2026-09-08 15:08:14,0.93
2026-09-08 15:08:21,2026-09-08 15:08:22,0.61
2026-09-08 15:08:22,2026-09-08 15:08:22,0.06
2026-09-08 15:08:22,2026-09-08 15:08:22,0.13
2026-09-08 15:08:22,2026-09-08 15:08:23,0.46
2026-09-08 15:08:24,2026-09-08 15:08:24,0.4
2026-09-08 15:08:24,2026-09-08 15:08:25,0.74
2026-09-08 15:08:25,2026-09-08 15:08:26,0.27
2026-09-08 15:08:26,2026-09-08 15:08:26,0.27
2026-09-08 15:08:38,2026-09-08 15:08:38,0.54
2026-09-08 15:09:01,2026-09-08 15:09:01,0.19
2026-09-08 15:09:01,2026-09-08 15:09:02,0.13
2026-09-08 15:09:32,2026-09-08 15:09:33,1.01
2026-09-08 15:09:34,2026-09-08 15:09:35,0.34
2026-09-08 15:09:36,2026-09-08 15:09:36,0.11
2026-09-08 15:09:37,2026-09-08 15:09:37,0.13
2026-09-08 15:09:41,2026-09-08 15:09:41,0.06
2026-09-08 15:09:41,2026-09-08 15:09:42,1.41
2026-09-08 15:09:44,2026-09-08 15:09:44,0.06
2026-09-08 15:09:44,2026-09-08 15:09:44,0.13
2026-09-08 15:09:44,2026-09-08 15:09:44,0.06
2026-09-08 15:09:47,2026-09-08 15:09:47,0.26
2026-09-08 15:09:47,2026-09-08 15:09:47,0.19
2026-09-08 15:09:53,2026-09-08 15:09:54,1.01
2026-09-08 15:10:09,2026-09-08 15:10:09,0.26
2026-09-08 15:10:09,2026-09-08 15:10:09,0.2
2026-09-08 15:10:09,2026-09-08 15:10:10,0.4
2026-09-08 15:10:10,2026-09-08 15:10:10,0.14
2026-09-08 15:10:11,2026-09-08 15:10:11,0.46
2026-09-08 15:10:11,2026-09-08 15:10:12,0.74
2026-09-08 15:10:12,2026-09-08 15:10:12,0.08
2026-09-08 15:10:12,2026-09-08 15:10:13,0.26
2026-09-08 15:10:13,2026-09-08 15:10:13,0.06
2026-09-08 15:10:15,2026-09-08 15:10:16,1.35
2026-09-08 15:10:17,2026-09-08 15:10:18,1.07
2026-09-08 15:10:21,2026-09-08 15:10:21,0.15
2026-09-09 13:59:52,2026-09-09 13:59:55,3.46
2026-09-09 13:59:59,2026-09-09 13:59:59,0.05
2026-09-09 14:00:00,2026-09-09 14:00:02,2.43
2026-09-09 14:00:02,2026-09-09 14:00:04,1.31
2026-09-09 14:00:04,2026-09-09 14:00:04,0.04
2026-09-09 14:00:05,2026-09-09 14:00:05,0.17
2026-09-09 14:00:06,2026-09-09 14:00:06,0.53
2026-09-09 14:00:08,2026-09-09 14:00:08,0.03
2026-09-09 14:00:08,2026-09-09 14:00:08,0.27
2026-09-09 14:00:08,2026-09-09 14:00:08,0.24
2026-09-09 14:00:09,2026-09-09 14:00:09,0.11
2026-09-09 14:00:09,2026-09-09 14:00:09,0.6
2026-09-09 14:00:10,2026-09-09 14:00:11,0.63
2026-09-09 14:00:17,2026-09-09 14:00:17,0.14
2026-09-09 14:00:18,2026-09-09 14:00:19,0.84
2026-09-09 14:00:19,2026-09-09 14:00:20,0.97
2026-09-09 14:37:28,2026-09-09 14:37:29,1.19
2026-09-09 14:37:30,2026-09-09 14:37:30,0.04
2026-09-09 14:37:30,2026-09-09 14:37:30,0.19
2026-09-09 14:37:31,2026-09-09 14:37:31,0.16
2026-09-09 14:37:32,2026-09-09 14:37:32,0.6
2026-09-09 14:37:33,2026-09-09 14:37:33,0.53
2026-09-09 14:37:34,2026-09-09 14:37:34,0.37
2026-09-09 14:37:34,2026-09-09 14:37:34,0.23
2026-09-09 14:37:35,2026-09-09 14:37:36,0.77
2026-09-09 14:37:36,2026-09-09 14:37:36,0.15
2026-09-09 14:37:36,2026-09-09 14:37:37,0.28
2026-09-09 14:37:37,2026-09-09 14:37:37,0.29
2026-09-09 14:37:38,2026-09-09 14:37:41,3.09
2026-09-09 14:37:41,2026-09-09 14:37:44,2.6
2026-09-09 14:37:44,2026-09-09 14:37:45,0.99
2026-09-09 14:37:45,2026-09-09 14:37:52,6.57
2026-09-09 14:37:52,2026-09-09 14:37:52,0.18
2026-09-09 14:37:55,2026-09-09 14:37:55,0.05
2026-09-09 14:37:55,2026-09-09 14:37:57,1.61
2026-09-09 14:38:00,2026-09-09 14:38:00,0.34
2026-09-09 14:38:00,2026-09-09 14:38:01,0.31
2026-09-09 14:38:06,2026-09-09 14:38:08,2.03
2026-09-09 14:38:18,2026-09-09 14:38:18,0.13
2026-09-09 14:38:18,2026-09-09 14:38:18,0.26
2026-09-09 14:38:20,2026-09-09 14:38:20,0.28
2026-09-09 14:38:20,2026-09-09 14:38:20,0.29
2026-09-09 14:38:22,2026-09-09 14:38:23,0.05
2026-09-09 14:38:23,2026-09-09 14:38:24,1.04
2026-09-09 14:38:24,2026-09-09 14:38:26,1.16
2026-09-09 14:38:27,2026-09-09 14:38:27,0.65
2026-09-09 14:38:30,2026-09-09 14:38:30,0.69
2026-09-09 14:38:31,2026-09-09 14:38:32,0.39
2026-09-09 14:38:32,2026-09-09 14:38:32,0.04
2026-09-09 14:38:32,2026-09-09 14:38:32,0.04
2026-09-09 14:38:32,2026-09-09 14:38:32,0.26
2026-09-09 14:38:41,2026-09-09 14:38:41,0.59
2026-09-09 14:38:42,2026-09-09 14:38:43,0.43
2026-09-09 14:38:45,2026-09-09 14:38:45,0.19
2026-09-09 14:38:46,2026-09-09 14:38:46,0.19
2026-09-09 14:38:46,2026-09-09 14:38:47,0.16
2026-09-09 14:38:48,2026-09-09 14:38:48,0.2
2026-09-09 14:38:55,2026-09-09 14:38:57,1.47
2026-09-09 14:38:58,2026-09-09 14:38:59,0.77
2026-09-09 14:38:59,2026-09-09 14:39:01,1.83
2026-09-09 14:39:03,2026-09-09 14:39:03,0.58
2026-09-09 14:39:08,2026-09-09 14:39:09,1.25
2026-09-09 14:39:13,2026-09-09 14:39:14,0.77
2026-09-09 14:39:14,2026-09-09 14:39:15,0.62
2026-09-09 14:39:27,2026-09-09 14:39:29,1.83
2026-09-09 14:39:29,2026-09-09 14:39:29,0.18
2026-09-09 14:39:33,2026-09-09 14:39:36,2.94
2026-09-09 14:39:40,2026-09-09 14:39:41,0.16
2026-09-09 14:39:43,2026-09-09 14:39:44,1.81
2026-09-09 14:39:44,2026-09-09 14:39:44,0.08
2026-09-09 14:39:47,2026-09-09 14:39:47,0.12
2026-09-09 14:40:01,2026-09-09 14:40:01,0.61
2026-09-09 14:40:06,2026-09-09 14:40:07,0.19
2026-09-09 14:40:08,2026-09-09 14:40:09,1.04
2026-09-09 14:40:09,2026-09-09 14:40:09,0.04
2026-09-09 14:40:09,2026-09-09 14:40:10,0.61
2026-09-09 14:40:10,2026-09-09 14:40:10,0.16
2026-09-09 14:40:10,2026-09-09 14:40:10,0.12
2026-09-09 14:40:10,2026-09-09 14:40:13,2.31
2026-09-09 14:40:13,2026-09-09 14:40:14,0.73
2026-09-09 14:40:14,2026-09-09 14:40:14,0.69
2026-09-09 14:40:15,2026-09-09 14:40:17,2.04
2026-09-09 14:40:19,2026-09-09 14:40:19,0.27
